kartoffel, gewicht, legetiefe, laenge, hoehe_gruenwuchs, qualitaet, kartoffelart
1,0.4876,0.8055,0.6561,0.5753,0.0891,1
2,0.4876,0.8236,0.4014,0.8631,0.2293,1
3,0.6531,0.6696,0.6142,0.8001,0.225,1
4,0.7366,0.799,0.487,0.8321,0.0334,1
5,0.4599,0.5946,0.4845,0.2257,0.3467,1
6,0.5167,0.7416,0.5101,0.1485,0.2603,1
7,0.6111,0.6721,0.3448,0.5186,0.2317,1
8,0.3251,0.9534,0.3858,0.824,0.4536,1
9,0.5483,0.8151,0.2731,0.1703,0.2095,1
10,0.3751,0.8344,0.3412,0.3139,0.0519,1
11,0.5573,0.7917,0.4913,0.7781,0.223,1
12,0.4588,0.7795,0.5635,0.5232,0.4802,1
13,0.4816,0.6986,0.5773,0.4272,0.2905,1
14,0.3783,0.555,0.5888,0.9493,0.1763,1
15,0.5915,1,0.5484,0.8143,0.3841,1
16,0.6624,0.761,0.4375,0.9258,0.3311,1
17,0.3844,0.7681,0.4482,0.0115,0.0296,1
18,0.5628,0.7881,0.5663,0.2402,0.2951,1
19,0.5991,0.8026,0.3861,0.7992,0.2239,1
20,0.5707,0.6667,0.5775,0.5981,0.4112,1
21,0.5741,0.781,0.5488,0.8917,0.1595,1
22,0.5434,0.7614,0.3675,0.7447,0.4902,1
23,0.5123,0.7819,0.4277,0.0487,0.3155,1
24,0.438,0.8193,0.4951,0.3265,0.369,1
25,0.487,0.7103,0.6809,0.636,0.0378,1
26,0.4924,0.8607,0.5338,0.5334,0.3559,1
27,0.5942,0.675,0.52,0.0482,0.3776,1
28,0.5548,0.789,0.5217,0.5911,0,1
29,0.6152,0.7427,0.3923,0.9417,0.3394,1
30,0.4834,0.8928,0.4269,0.0527,0.0915,1
31,0.5925,0.6567,0.5683,0.2659,0.2592,1
32,0.6324,0.8153,0.4097,0.0595,0.4845,1
33,0.4862,0.8138,0.52,0.7279,0.0539,1
34,0.5557,0.9452,0.7259,0.1709,0.4867,1
35,0.5884,0.7823,0.5476,0.1554,0.2851,1
36,0.7495,0.7132,0.6398,0.0022,0.0131,1
37,0.4205,0.7028,0.5402,0.4627,0.2584,1
38,0.6056,0.7575,0.6292,0.3002,0.2933,1
39,0.5951,0.8392,0.4277,0.006,0.0096,1
40,0.6717,0.77,0.526,0.3404,0.1023,1
41,0.5208,0.7906,0.4776,0.7052,0.3185,1
42,0.4721,0.8745,0.5449,0.5609,0.2684,1
43,0.5464,0.8735,0.322,0.5849,0.3782,1
44,0.6725,0.5813,0.5986,0.1662,0.0898,1
45,0.6742,0.7022,0.4756,0.6465,0.4393,1
46,0.566,0.771,0.474,0.285,0.3868,1
47,0.4849,0.8126,0.393,0.5142,0.2695,1
48,0.6934,0.709,0.5296,0.1966,0.3508,1
49,0.6,0.6658,0.6167,0.1357,0.0691,1
50,0.4558,0.698,0.6249,0.4366,0.1478,1
51,0.6003,0.4436,0.4205,0.8286,0.2952,1
52,0.5762,0.9055,0.6213,0.8934,0.0902,1
53,0.5106,0.8059,0.4779,0.1015,0.4235,1
54,0.5024,0.7228,0.573,0.9022,0.3305,1
55,0.4188,0.8408,0.5204,0.8338,0.048,1
56,0.5962,0.5449,0.4137,0.4892,0.464,1
57,0.524,0.7237,0.3382,0.0546,0.4,1
58,0.4323,0.8403,0.3556,0.7002,0.2622,1
59,0.6122,0.9199,0.5282,0.8193,0.099,1
60,0.6527,0.8747,0.4755,0.539,0.354,1
61,0.5144,0.7676,0.5104,0.9444,0.2947,1
62,0.5502,0.7475,0.5524,0.143,0.1638,1
63,0.6311,0.7609,0.5128,0.1635,0.1912,1
64,0.5748,0.802,0.5077,0.4418,0.0947,1
65,0.5027,0.7742,0.4998,0.9121,0.4333,1
66,0.4526,0.6635,0.4734,0.6353,0.1569,1
67,0.4377,0.7476,0.6769,0.4101,0.3592,1
68,0.4852,0.8496,0.4587,0.3403,0.266,1
69,0.5461,0.7553,0.661,0.4023,0.4813,1
70,0.5274,0.7294,0.4985,0.6891,0.3099,1
71,0.3849,0.7128,0.6142,0.3508,0.391,1
72,0.5602,0.8743,0.501,0.3791,0.1337,1
73,0.3855,0.7588,0.5448,0.842,0.1642,1
74,0.5077,0.7901,0.4928,0.7482,0.4374,1
75,0.6111,0.9261,0.4504,0.5679,0.189,1
76,0.5605,0.6931,0.5775,0.2357,0.0338,1
77,0.5455,0.869,0.6645,0.4208,0.395,1
78,0.6496,0.7202,0.5157,0.1688,0.0061,1
79,0.5458,0.8692,0.5007,0.8211,0.389,1
80,0.4509,0.7006,0.5685,0.5092,0.253,1
81,0.6191,0.6163,0.5291,0.4139,0.3677,1
82,0.4892,0.7875,0.6064,0.448,0.3456,1
83,0.3482,0.9321,0.6688,0.4106,0.2008,1
84,0.662,0.822,0.5098,0.2748,0.4101,1
85,0.5854,0.9139,0.6177,0.7164,0.4536,1
86,0.579,0.7353,0.5499,0.7692,0.0776,1
87,0.4874,0.7014,0.5594,0.4137,0.3591,1
88,0.5422,0.7041,0.4403,0.695,0.3674,1
89,0.5146,0.7089,0.4733,0.0484,0.349,1
90,0.5722,0.9308,0.3635,0.4942,0.4769,1
91,0.6477,0.8396,0.3716,0.9691,0.1601,1
92,0.6573,0.6114,0.5054,0.0945,0.0097,1
93,0.5109,0.7245,0.5269,0.5343,0.0465,1
94,0.7915,0.8806,0.4327,0.3898,0.1319,1
95,0.6099,0.6991,0.5983,0.7155,0.2212,1
96,0.5447,0.7069,0.4275,0.0696,0.3229,1
97,0.4915,0.6724,0.5359,0.7515,0.3027,1
98,0.507,0.6866,0.5901,0.5692,0.3008,1
99,0.5272,0.7386,0.5041,0.5193,0.3757,1
100,0.5856,0.6364,0.5192,0.6622,0.0805,1
101,0.4845,0.7689,0.5812,0.918,0.1454,1
102,0.4735,0.732,0.4753,0.6764,0.3691,1
103,0.6736,0.6389,0.6622,0.7047,0.0321,1
104,0.5703,0.709,0.6106,0.0667,0.3335,1
105,0.5023,0.7238,0.4985,0.7592,0.0548,1
106,0.5917,0.6699,0.4954,0.2588,0.2581,1
107,0.4026,0.6713,0.7305,0.5862,0.1722,1
108,0.5119,0.6871,0.4324,0.9785,0.2316,1
109,0.6542,0.6377,0.6006,0.7887,0.1857,1
110,0.6226,0.6279,0.5976,0.4268,0.141,1
111,0.6285,0.7377,0.5634,0.0066,0.0766,1
112,0.5826,0.693,0.3697,0.4766,0.2919,1
113,0.5468,0.7677,0.5033,0.661,0.4788,1
114,0.4677,0.7017,0.4413,0.7067,0.1712,1
115,0.4171,0.7702,0.5218,0.9764,0.0779,1
116,0.5196,0.8991,0.5548,0.4296,0.3555,1
117,0.5174,0.6929,0.4892,0.2235,0.1254,1
118,0.4819,0.6827,0.6106,0.4612,0.3025,1
119,0.5656,0.8632,0.4585,0.7156,0.0687,1
120,0.3862,0.7373,0.4481,0.033,0.0064,1
121,0.5582,0.7466,0.4875,0.8618,0.231,1
122,0.5476,0.7722,0.6371,0.1519,0.1117,1
123,0.5609,0.7165,0.4847,0.27,0.1132,1
124,0.6091,0.7969,0.519,0.575,0.3614,1
125,0.5635,0.8219,0.6926,0.2903,0.2898,1
126,0.4128,0.8578,0.4722,0.9742,0.3514,1
127,0.6067,0.5673,0.5735,0.6885,0.0586,1
128,0.5273,0.6982,0.5682,0.7805,0.0496,1
129,0.6446,0.6799,0.588,0.503,0.1059,1
130,0.5499,0.7401,0.6675,0.3439,0.4028,1
131,0.5995,0.7389,0.5428,0.7174,0.2664,1
132,0.4885,0.7041,0.373,0.9718,0.1955,1
133,0.5254,0.8012,0.5758,0.5956,0.1718,1
134,0.4281,0.9059,0.3529,0.6223,0.1464,1
135,0.4164,0.8083,0.4885,0.3944,0.2887,1
136,0.4694,0.7639,0.5183,0.4607,0.2466,1
137,0.3648,0.5905,0.4769,0.2833,0.1611,1
138,0.51,0.6905,0.5866,0.5848,0.2039,1
139,0.5468,0.6394,0.5268,0.0567,0.1157,1
140,0.7903,0.712,0.5343,0.8293,0.3336,1
141,0.4537,0.8999,0.5642,0.4097,0.3375,1
142,0.5637,0.964,0.4555,0.56,0.0654,1
143,0.5984,0.8057,0.5816,0.8652,0.0417,1
144,0.7149,0.7346,0.5268,0.9945,0.1645,1
145,0.6208,0.76,0.5764,0.5591,0.0517,1
146,0.5335,0.568,0.5662,0.8479,0.145,1
147,0.5292,0.7636,0.4638,0.33,0.0572,1
148,0.5723,0.7703,0.6662,0.391,0.4785,1
149,0.5673,0.7831,0.3738,0.6466,0.0922,1
150,0.5235,0.6814,0.622,0.9222,0.3522,1
151,0.4612,0.6925,0.4359,0.3425,0.1893,1
152,0.6094,0.8373,0.4935,0.9684,0.2607,1
153,0.5634,0.7989,0.4253,0.3368,0.3637,1
154,0.4311,0.691,0.4045,0.6287,0.0341,1
155,0.6775,0.675,0.5016,0.8928,0.4037,1
156,0.5599,0.5784,0.4473,0.8701,0.1044,1
157,0.6107,0.7974,0.4782,0.0647,0.4593,1
158,0.5207,0.6989,0.3993,0.7211,0.2661,1
159,0.5684,0.8423,0.3355,0.9042,0.0423,1
160,0.5456,0.8076,0.5567,0.9944,0.3503,1
161,0.61,0.7682,0.3532,0.7931,0.3284,1
162,0.4562,0.7712,0.5248,0.2211,0.3322,1
163,0.6089,0.8403,0.3887,0.8896,0.4427,1
164,0.4827,0.7945,0.3963,0.6406,0.0298,1
165,0.4795,0.6942,0.6009,0.0839,0.0198,1
166,0.6608,0.7318,0.7019,0.968,0.2127,1
167,0.4457,0.8902,0.3424,0.699,0.0103,1
168,0.4921,0.673,0.4747,0.0301,0.4862,1
169,0.4898,0.8154,0.4926,0.9733,0.1109,1
170,0.5413,0.8335,0.4084,0.274,0.0078,1
171,0.5246,0.5354,0.5219,0.3478,0.1159,1
172,0.603,0.7392,0.4625,0.8848,0.3595,1
173,0.5499,0.7121,0.4991,0.6003,0.1217,1
174,0.6235,0.7555,0.3864,0.9629,0.2711,1
175,0.5091,0.8806,0.4719,0.7425,0.4415,1
176,0.5428,0.858,0.4811,0.2471,0.3544,1
177,0.6053,0.5259,0.4513,0.528,0.2158,1
178,0.5229,0.7835,0.5157,0.1089,0.2859,1
179,0.5751,0.8198,0.5808,0.6587,0.4134,1
180,0.4897,0.8952,0.5234,0.4392,0.0432,1
181,0.4867,0.8354,0.5996,0.4688,0.2531,1
182,0.6726,0.7058,0.4923,0.5803,0.0899,1
183,0.6238,0.5809,0.4193,0.1405,0.0091,1
184,0.4066,0.9305,0.5522,0.3813,0.3044,1
185,0.647,0.6809,0.5362,0.9207,0.1969,1
186,0.6807,0.5994,0.4065,0.49,0.4933,1
187,0.6819,0.7696,0.3361,0.2215,0.0841,1
188,0.485,0.6113,0.5049,0.9226,0.2169,1
189,0.3445,0.9477,0.769,0.9395,0.011,1
190,0.5753,0.96,0.5592,0.7443,0.4409,1
191,0.627,0.9365,0.4506,0.9173,0.1205,1
192,0.6277,0.6517,0.5318,0.4508,0.3201,1
193,0.5876,0.9653,0.4697,0.694,0.4149,1
194,0.5083,0.6985,0.46,0.1917,0.4124,1
195,0.4096,0.769,0.5297,0.1929,0.2778,1
196,0.4898,0.6921,0.493,0.0272,0.2481,1
197,0.6108,0.6339,0.3497,0.4776,0.0057,1
198,0.5126,0.8447,0.4762,0.026,0.0103,1
199,0.6594,0.6869,0.5254,0.854,0.0671,1
200,0.6127,0.6853,0.4169,0.2767,0.1212,1
201,0.6614,0.471,0.2559,0.1445,0.0836,2
202,0.7031,0.3262,0.1629,0.8544,0.0693,2
203,0.9682,0.3293,0.3543,0.0409,0.2036,2
204,0.8348,0.3772,0.2257,0.4391,0.2917,2
205,0.7352,0.4085,0.48,0,0.0957,2
206,0.7262,0.444,0.3223,0.7332,0.2763,2
207,0.9418,0.5356,0.1109,0.2511,0.1881,2
208,0.6512,0.506,0.2929,0.5322,0.2114,2
209,0.8116,0.7218,0.3613,0.2034,0.019,2
210,0.6883,0.4484,0.2278,0.7064,0.1329,2
211,0.7398,0.4295,0.1717,0.9018,0.2276,2
212,0.6753,0.6271,0.1896,0.8553,0.4358,2
213,0.9503,0.4735,0.1846,0.0531,0.4426,2
214,0.8204,0.4171,0.3258,0.8803,0.3002,2
215,0.7606,0.518,0.1492,0.21,0.0831,2
216,0.9312,0.3903,0.3789,0.0249,0.2598,2
217,0.705,0.4482,0.2576,0.7676,0.1244,2
218,0.7918,0.5874,0.4566,0.3515,0.3905,2
219,0.8702,0.6135,0.2052,0.0605,0.1752,2
220,0.7903,0.4332,0.1945,0.2264,0.2977,2
221,0.7258,0.5603,0.0611,0.4679,0.3701,2
222,0.7875,0.3741,0.2959,0.6663,0.0352,2
223,0.8977,0.5176,0.1886,0.3192,0.1532,2
224,0.8262,0.3615,0.1725,0.0471,0.2342,2
225,0.8532,0.4189,0.1539,0.9248,0.2161,2
226,0.783,0.4568,0.3118,0.6225,0.354,2
227,0.666,0.4308,0.2228,0.5734,0.2388,2
228,0.6453,0.4081,0.4012,0.6839,0.2026,2
229,0.8422,0.533,0.304,0.4447,0.2628,2
230,0.7593,0.4741,0.1736,0.3916,0.3646,2
231,0.7716,0.5425,0.2572,0.3865,0.4914,2
232,0.8543,0.4995,0.3595,0.421,0.3043,2
233,0.8353,0.3314,0.1884,0.6077,0.4665,2
234,0.7789,0.5554,0.149,0.2255,0.1729,2
235,0.8137,0.4227,0.3341,0.7248,0.1942,2
236,0.7989,0.5236,0.3602,0.8777,0.3472,2
237,0.7436,0.5901,0.3225,0.395,0.4368,2
238,0.8628,0.4747,0.2718,0.9126,0.3119,2
239,0.8031,0.4144,0.262,0.2631,0.2574,2
240,0.7783,0.3628,0.3172,0.1884,0.0799,2
241,0.6603,0.4068,0.1715,0.7253,0.1507,2
242,0.8763,0.4447,0.2068,0.2041,0.384,2
243,0.9097,0.5117,0.3831,0.8535,0.3609,2
244,0.9497,0.5022,0.2574,0.3815,0.0684,2
245,0.7875,0.3331,0.1446,0.379,0.0352,2
246,0.9621,0.5259,0.4702,0.0848,0.3943,2
247,0.916,0.6327,0.1803,0.2057,0.3468,2
248,0.8073,0.6146,0.3353,0.5675,0.0833,2
249,0.7678,0.5716,0.0196,0.5496,0.1207,2
250,0.9674,0.3366,0.2619,0.0286,0.4242,2
251,0.9293,0.586,0.22,0.6519,0.3854,2
252,0.7218,0.492,0.197,0.1492,0.1637,2
253,0.6901,0.4993,0.3514,0.455,0.0459,2
254,1,0.4153,0.3341,0.7245,0.2781,2
255,0.663,0.6292,0.3327,0.2836,0.0232,2
256,0.9527,0.5274,0.1824,0.4239,0.3611,2
257,0.7111,0.4492,0.2151,0.0606,0.2674,2
258,0.7169,0.7075,0.2237,0.4333,0.4135,2
259,0.7998,0.5968,0.1984,0.9665,0.2726,2
260,0.7024,0.3632,0.3548,0.2654,0.1304,2
261,0.6767,0.5316,0.3192,0.3815,0.2196,2
262,0.9113,0.3639,0.2658,0.9036,0.3294,2
263,0.7214,0.5102,0.2467,0.0056,0.2124,2
264,0.8482,0.5138,0.1725,0.6111,0.4297,2
265,0.8416,0.4694,0.3117,0.0193,0.3619,2
266,0.676,0.4802,0.1838,0.4151,0.2831,2
267,0.8195,0.6491,0.2431,0.1322,0.2454,2
268,0.8369,0.3529,0.1976,0.6692,0.4369,2
269,0.8285,0.4669,0.279,0.8268,0.2487,2
270,0.7059,0.5204,0.3429,0.8987,0.0528,2
271,0.9631,0.4954,0.235,0.1495,0.1562,2
272,0.8669,0.5332,0.3509,0.2904,0.4209,2
273,0.864,0.5223,0.1866,0.1123,0.0468,2
274,0.8501,0.353,0.1918,0.4666,0.4786,2
275,0.7432,0.4844,0.2479,0.872,0.3708,2
276,0.9027,0.3708,0.3505,0.9583,0.1714,2
277,0.665,0.479,0.3121,0.329,0.4261,2
278,0.8217,0.5329,0.2617,0.628,0.3962,2
279,0.7811,0.5959,0.2707,0.7896,0.2373,2
280,0.702,0.4847,0.179,0.826,0.0256,2
281,0.8578,0.5648,0.3003,0.2255,0.1032,2
282,0.7033,0.3548,0.1118,0.5307,0.2382,2
283,0.877,0.6815,0.2452,0.581,0.2813,2
284,0.8214,0.5718,0.1495,0.7711,0.247,2
285,0.952,0.5124,0.2501,0.8935,0.1673,2
286,0.8885,0.4443,0.3285,0.9515,0.2824,2
287,0.6799,0.6054,0.3381,0.2865,0.0855,2
288,0.8825,0.5249,0.3193,0.3708,0.1031,2
289,0.9119,0.6284,0.1813,0.6388,0.147,2
290,0.8543,0.5856,0.4156,0.7428,0.1922,2
291,0.8631,0.3816,0.2318,0.0528,0.4454,2
292,0.7911,0.5254,0.2105,0.4872,0.0327,2
293,0.7897,0.5682,0.297,0.0214,0.017,2
294,0.918,0.5017,0.4034,0.3997,0.0467,2
295,0.8076,0.4483,0.2203,0.1118,0.4999,2
296,0.7626,0.4821,0.1836,0.204,0.3822,2
297,0.7898,0.5289,0.2384,0.3056,0.4165,2
298,0.8818,0.4174,0.1592,0.5214,0.2923,2
299,0.6992,0.5666,0.317,0.0771,0.4088,2
300,0.7743,0.4451,0.2902,0.7508,0.1212,2
301,0.8422,0.4504,0.2536,0.833,0.1858,2
302,0.8226,0.5571,0.3374,0.2212,0.4233,2
303,0.73,0.4034,0.1109,0.0285,0.0641,2
304,0.836,0.4605,0.1969,0.2955,0.4559,2
305,0.9849,0.6115,0.3831,0.9361,0.4903,2
306,0.7346,0.4169,0.0911,0.2964,0.0163,2
307,0.5642,0.5061,0.2869,0.3537,0.2781,2
308,0.7757,0.388,0.2331,0.5821,0.3595,2
309,0.8132,0.4353,0.1393,0.6194,0.4959,2
310,0.8506,0.4584,0.162,0.5662,0.3133,2
311,0.7834,0.6453,0.2721,0.501,0.3286,2
312,0.8922,0.5556,0.309,0.3787,0.0194,2
313,0.764,0.4818,0.3327,0.7516,0.4117,2
314,0.8227,0.4637,0.1926,0.8504,0.4724,2
315,0.8142,0.4702,0.1869,0.6685,0.2723,2
316,0.8326,0.4885,0.0354,0.7297,0.0921,2
317,0.7427,0.4859,0.1742,0.7241,0.2472,2
318,0.8435,0.5392,0.1059,0.5207,0.3951,2
319,0.7667,0.4434,0.2774,0.3261,0.0668,2
320,0.8154,0.5331,0.2052,0.3468,0.1992,2
321,0.7631,0.395,0.3108,0.4695,0.0215,2
322,0.8129,0.469,0.2427,0.6464,0.0509,2
323,0.7138,0.483,0.2783,0.9695,0.4867,2
324,0.8479,0.3556,0.2073,0.0803,0.0853,2
325,0.7595,0.5606,0.3782,0.0663,0.0277,2
326,0.9036,0.5504,0.1114,0.6184,0.072,2
327,0.7945,0.4934,0.1481,0.5018,0.4286,2
328,0.5738,0.4182,0.2786,0.6431,0.2141,2
329,0.9642,0.4839,0.3423,0.4622,0.3094,2
330,0.7958,0.4455,0.1499,0.2905,0.156,2
331,0.9236,0.3839,0.1475,0.2204,0.1537,2
332,0.7017,0.4168,0.1449,0.4855,0.4927,2
333,0.7933,0.4573,0.1381,0.774,0.2208,2
334,0.8143,0.3149,0.3232,0.7497,0.2526,2
335,0.7931,0.5131,0.0747,0.949,0.044,2
336,0.7732,0.3841,0.2204,0.0209,0.1915,2
337,0.7712,0.3846,0,0.0604,0.055,2
338,0.9289,0.5632,0.3048,0.6652,0.4977,2
339,0.8443,0.5778,0.3681,0.6594,0.3852,2
340,0.7066,0.3372,0.2211,0.019,0.4736,2
341,0.9247,0.6711,0.2524,0.0806,0.0398,2
342,0.7877,0.5306,0.2228,0.5817,0.2109,2
343,0.7601,0.5464,0.3543,0.0765,0.2808,2
344,0.7263,0.4361,0.339,0.5342,0.2016,2
345,0.8727,0.4225,0.2708,0.284,0.1202,2
346,0.7573,0.489,0.2854,0.6916,0.2564,2
347,0.7351,0.4579,0.2556,0.3702,0.373,2
348,0.7091,0.4518,0.0911,0.5786,0.4977,2
349,0.6644,0.6349,0.1957,0.8797,0.4278,2
350,0.8848,0.515,0.1195,0.1635,0.2952,2
351,0.8872,0.4956,0.1878,0.0148,0.0927,2
352,0.7637,0.46,0.2423,0.8817,0.2047,2
353,0.8967,0.5117,0.2092,0.4501,0.1421,2
354,0.9631,0.4436,0.2972,0.5317,0.2767,2
355,0.9162,0.6936,0.1853,0.8713,0.2422,2
356,0.8919,0.5616,0.1849,0.6702,0.0382,2
357,0.8464,0.5455,0.2462,0.4012,0.0299,2
358,0.752,0.5622,0.1675,0.4054,0.31,2
359,0.9809,0.5822,0.4609,0.2747,0.1342,2
360,0.7605,0.4486,0.1624,0.1251,0.1528,2
361,0.7053,0.3798,0.2761,0.6507,0.2942,2
362,0.9213,0.4761,0.1426,0.4856,0.1411,2
363,0.8722,0.4714,0.2657,0.5924,0.4966,2
364,0.7945,0.3905,0.2404,0.2654,0.2776,2
365,0.777,0.4486,0.3204,0.5397,0.4779,2
366,0.7188,0.4081,0.3481,0.6986,0.4809,2
367,0.8427,0.5144,0.3443,0.3583,0.478,2
368,0.8124,0.4891,0.2829,0.6397,0.4791,2
369,0.7454,0.4675,0.2102,0.0554,0.4426,2
370,0.9642,0.4326,0.2908,0.3254,0.4073,2
371,0.7896,0.4412,0.2776,0.2963,0.2773,2
372,0.7994,0.3743,0.3886,0.411,0.12,2
373,0.8626,0.6493,0.2719,0.187,0.173,2
374,0.7014,0.6039,0.0202,0.3453,0.4051,2
375,0.7823,0.4118,0.07,0.3849,0.2392,2
376,0.7567,0.5133,0.2943,0.0381,0.3997,2
377,0.8548,0.482,0.1407,0.3662,0.021,2
378,0.8328,0.5644,0.3151,0.9601,0.244,2
379,0.9144,0.4949,0.2471,0.8932,0.4929,2
380,0.872,0.5486,0.1568,0.5727,0.4115,2
381,0.7387,0.6504,0.2587,0.488,0.1902,2
382,0.7358,0.6519,0.2611,0.7443,0.4314,2
383,0.7617,0.4723,0.3076,0.9808,0.2432,2
384,0.6755,0.5135,0.1737,0.6231,0.0819,2
385,0.6587,0.506,0.3182,0.16,0.1274,2
386,0.7784,0.5648,0.2961,0.7055,0.1037,2
387,0.9002,0.6629,0.2077,0.0313,0.3386,2
388,0.7308,0.4836,0.2898,0.4234,0.1117,2
389,0.7478,0.4701,0.339,0.067,0.061,2
390,0.7994,0.4476,0.3013,0.2348,0.1717,2
391,0.8223,0.3587,0.1367,0.3485,0.3766,2
392,0.8227,0.5116,0.275,0.1759,0.2862,2
393,0.7558,0.4889,0.352,0.5159,0.4213,2
394,0.7489,0.5764,0.3065,0.5701,0.0219,2
395,0.8148,0.4744,0.343,0.31,0.106,2
396,0.7215,0.5716,0.1009,0.4899,0.3279,2
397,0.9208,0.4069,0.1647,0.1298,0.3058,2
398,0.745,0.4651,0.2415,0.7534,0.2498,2
399,0.8193,0.3326,0.1895,0.1755,0.3306,2
400,0.9076,0.6261,0.2824,0.7485,0.0381,2
401,0.3425,0.2292,0.8165,0.9995,0.6509,3
402,0.3119,0.1957,0.7239,0.5634,0.7334,3
403,0.2644,0.1678,0.7811,0.1854,0.5284,3
404,0.1213,0.0535,0.9214,0.8393,0.9158,3
405,0.3,0.1496,0.8161,0.4186,0.8075,3
406,0.2136,0.2228,0.7162,0.3935,0.6878,3
407,0.1655,0.0891,0.8216,0.4997,0.5364,3
408,0.232,0.3061,0.6524,0.5105,0.9474,3
409,0.4427,0.1808,0.9124,0.3807,0.5063,3
410,0.3517,0.2817,0.7877,0.4511,0.8099,3
411,0.2065,0.2571,0.7539,0.5051,0.6411,3
412,0.2189,0.2968,0.6898,0.0397,0.9295,3
413,0.2795,0.072,0.8364,0.3881,0.9972,3
414,0.2103,0.0071,0.688,0.9822,0.8572,3
415,0.2807,0.1796,0.6977,0.6188,0.5284,3
416,0.3347,0.2666,0.7226,0.3997,0.6726,3
417,0.1883,0.2838,0.7362,0.2535,0.604,3
418,0.4016,0.2756,0.6717,0.0903,0.8604,3
419,0.2162,0.2768,0.8372,0.1454,0.6008,3
420,0.2376,0.0598,0.8199,0.4279,0.9309,3
421,0.1435,0.293,0.6008,0.2852,0.8754,3
422,0.3046,0.1925,1,0.3007,0.5712,3
423,0.196,0.2992,0.7181,0.7562,0.9074,3
424,0.3905,0.3154,0.7921,0.5836,0.9114,3
425,0.2171,0.2706,0.8326,0.5703,0.9715,3
426,0.4595,0.2798,0.8015,0.4442,0.7044,3
427,0.3214,0.1572,0.699,0.3216,0.8539,3
428,0.2841,0.2039,0.7326,0.3678,0.7204,3
429,0.2683,0.0339,0.8263,0.3892,0.5735,3
430,0.4001,0.0743,0.9057,0.9675,0.5634,3
431,0.4106,0.1979,0.7271,0.4781,0.9687,3
432,0.3188,0.3437,0.7668,0.4887,0.8379,3
433,0.1423,0.2689,0.7378,0.8268,0.7583,3
434,0.3056,0.21,0.5988,0.0396,0.7482,3
435,0.2978,0.3185,0.8167,0.3025,0.7698,3
436,0.3937,0.1958,0.6955,0.8275,0.6939,3
437,0.2306,0.319,0.7365,0.7668,0.8635,3
438,0.2132,0.3727,0.8586,0.0842,0.7965,3
439,0.2716,0.2193,0.725,0.3931,0.6322,3
440,0.2548,0.2768,0.785,0.5239,0.5465,3
441,0.3039,0.1654,0.573,0.2198,0.878,3
442,0.3199,0.1974,0.7997,0.1617,0.5907,3
443,0.3079,0.1303,0.9114,0.1312,0.8784,3
444,0.3522,0.3512,0.9064,0.7246,0.8512,3
445,0.0833,0.2686,0.8413,0.0857,0.6056,3
446,0.5387,0.3051,0.7446,0.2589,0.5073,3
447,0.3799,0.1665,0.7203,0.4973,0.5984,3
448,0.4288,0.1797,0.9583,0.635,0.5482,3
449,0.3875,0.1126,0.9363,0.4061,0.6192,3
450,0.3264,0.3297,0.8713,0.0329,0.6048,3
451,0.167,0.2485,0.7411,0.1659,0.5838,3
452,0.3046,0.2262,0.8696,0.3418,0.5353,3
453,0.2107,0.249,0.8136,0.7726,0.5792,3
454,0.2249,0.0113,0.7138,0.5335,0.5533,3
455,0.1911,0.0047,0.9555,0.4507,0.6519,3
456,0.3716,0.2515,0.7336,0.2003,0.7128,3
457,0.1807,0.0855,0.7695,1,0.5301,3
458,0.2638,0.3017,0.6642,0.6017,0.9809,3
459,0.4398,0.1995,0.7866,0.0819,0.6628,3
460,0.295,0.2414,0.7506,0.3426,0.9251,3
461,0.1122,0.1987,0.7457,0.2469,0.7043,3
462,0.3214,0.1495,0.8589,0.6619,0.8213,3
463,0.1333,0.2264,0.9609,0.7477,0.6968,3
464,0.2559,0.2902,0.7688,0.2018,0.9526,3
465,0.2059,0,0.7018,0.7736,0.8604,3
466,0.4478,0.2724,0.8843,0.2835,0.6142,3
467,0.2842,0.0927,0.7184,0.4426,0.6646,3
468,0.2803,0.2668,0.7837,0.5986,0.785,3
469,0.3427,0.0163,0.8975,0.5906,0.996,3
470,0.3062,0.2982,0.712,0.4619,0.8266,3
471,0.3529,0.2139,0.9031,0.7028,0.811,3
472,0.2344,0.1883,0.6918,0.314,0.6916,3
473,0.2506,0.2618,0.776,0.909,0.8713,3
474,0.2252,0.2217,0.8255,0.1821,0.8217,3
475,0.2213,0.2164,0.7223,0.3438,0.8063,3
476,0.3365,0.3704,0.6959,0.6809,0.8774,3
477,0.2675,0.391,0.709,0.4176,0.6443,3
478,0.2147,0.3566,0.6862,0.136,0.6259,3
479,0.1646,0.2253,0.8593,0.8379,0.6206,3
480,0.3896,0.291,0.6732,0.7113,0.8954,3
481,0.4157,0.1352,0.7119,0.1648,0.5518,3
482,0.3177,0.2185,0.5608,0.6897,0.897,3
483,0.2158,0.2215,0.7363,0.3944,0.7219,3
484,0.3699,0.2288,0.6811,0.6259,0.5627,3
485,0.2326,0.3591,0.8805,0.6388,0.8494,3
486,0.3606,0.1892,0.6199,0.5228,0.7491,3
487,0.1633,0.1371,0.7621,0.8669,0.6709,3
488,0.1174,0.1073,0.8992,0.5932,0.6232,3
489,0.2412,0.2205,0.6308,0.7086,0.6188,3
490,0.2661,0.2289,0.6683,0.0813,0.6957,3
491,0.2413,0.1442,0.8488,0.3429,0.7051,3
492,0.2289,0.2516,0.7107,0.7554,0.8036,3
493,0.2932,0.1974,0.699,0.0053,0.6957,3
494,0.2712,0.3029,0.6629,0.3119,0.9204,3
495,0.1443,0.417,0.6052,0.52,0.9952,3
496,0.2701,0.2129,0.7801,0.6145,0.5588,3
497,0.1099,0.3525,0.7642,0.4479,0.9699,3
498,0.4003,0.2664,0.7112,0.0603,0.8697,3
499,0.2054,0.2633,0.6443,0.7031,0.5275,3
500,0.422,0.2964,0.6253,0.0691,0.6479,3
501,0.2835,0.1353,0.9496,0.2928,0.9687,3
502,0.2675,0.3831,0.9031,0.7056,0.8432,3
503,0.4132,0.3735,0.6299,0.4903,0.5918,3
504,0.3795,0.2584,0.8872,0.3025,0.665,3
505,0.2345,0.4093,0.9434,0.1632,0.8508,3
506,0.3073,0.3741,0.7381,0.7149,0.5422,3
507,0.2531,0.1012,0.7384,0.5478,0.6961,3
508,0.2517,0.1527,0.7004,0.6619,0.5505,3
509,0.3178,0.2197,0.741,0.9827,0.8706,3
510,0.4165,0.1603,0.7386,0.8371,0.6294,3
511,0.1975,0.3408,0.5576,0.5581,0.6895,3
512,0.1957,0.3705,0.6946,0.0277,0.6071,3
513,0.0627,0.191,0.7799,0.255,0.8613,3
514,0.2469,0.2624,0.608,0.3135,0.6591,3
515,0.3429,0.311,0.7084,0.1009,0.6528,3
516,0.2495,0.1444,0.6809,0.0211,0.9929,3
517,0.1724,0.2947,0.6968,0.0604,0.7673,3
518,0.2955,0.1738,0.7376,0.3845,0.6937,3
519,0.3119,0.2199,0.6055,0.8951,0.8317,3
520,0.4686,0.25,0.7976,0.6547,0.6401,3
521,0.2238,0.1888,0.6785,0.7226,0.5818,3
522,0.1752,0.2109,0.8047,0.891,0.8251,3
523,0.2257,0.1163,0.6787,0.6128,0.6801,3
524,0.2921,0.231,0.8171,0.3163,0.8378,3
525,0.2645,0.1646,0.6839,0.7188,0.7999,3
526,0.3226,0.2392,0.8004,0.1672,0.6237,3
527,0.2233,0.1787,0.8104,0.0089,0.8066,3
528,0.2511,0.2643,0.7557,0.4102,0.5965,3
529,0,0.2294,0.8801,0.0605,0.5284,3
530,0.2253,0.1611,0.8078,0.5729,0.6845,3
531,0.41,0.1599,0.789,0.2384,0.5128,3
532,0.2373,0.2573,0.864,0.3914,0.5613,3
533,0.2391,0.1742,0.6155,0.6531,0.8922,3
534,0.2551,0.155,0.7895,0.4796,0.9836,3
535,0.3318,0.1588,0.7256,0.2589,0.6308,3
536,0.3072,0.2795,0.711,0.013,0.6935,3
537,0.26,0.1909,0.8588,0.9211,0.9686,3
538,0.3988,0.1641,0.6905,0.5259,0.9483,3
539,0.3833,0.192,0.6309,0.14,0.6249,3
540,0.3396,0.3169,0.7763,0.8197,0.8391,3
541,0.1892,0.1628,0.7161,0.3123,0.5114,3
542,0.311,0.302,0.7809,0.0217,0.5682,3
543,0.2678,0.1772,0.8755,0.5356,0.8232,3
544,0.4711,0.4204,0.5959,0.9554,0.9519,3
545,0.2795,0.1681,0.8512,0.8301,0.8452,3
546,0.3585,0.2301,0.8075,0.5579,0.745,3
547,0.1877,0.2181,0.7722,0.3785,0.7371,3
548,0.2714,0.2147,0.6959,0.1274,0.504,3
549,0.3111,0.4281,0.7887,0.4356,0.5668,3
550,0.2539,0.1988,0.7253,0.3098,0.907,3
551,0.2575,0.3005,0.6605,0.1784,0.7355,3
552,0.3145,0.2821,0.8397,0.9029,0.6032,3
553,0.4371,0.3451,0.7791,0.4436,0.5826,3
554,0.4034,0.1689,0.7778,0.0872,0.7182,3
555,0.3026,0.2018,0.7326,0.0399,0.9335,3
556,0.1398,0.1069,0.6972,0.4221,0.6342,3
557,0.3157,0.1869,0.7893,0.7127,0.5674,3
558,0.3958,0.2999,0.8371,0.5424,0.5444,3
559,0.2476,0.1189,0.7458,0.8507,0.6253,3
560,0.3373,0.1992,0.7211,0.9333,0.8064,3
561,0.4082,0.1465,0.7013,0.946,0.6414,3
562,0.3174,0.2409,0.8103,0.6123,0.7398,3
563,0.2389,0.233,0.8571,0.0311,0.8542,3
564,0.3557,0.1849,0.7357,0.6922,0.8657,3
565,0.3667,0.2966,0.7497,0.9878,0.603,3
566,0.2328,0.2014,0.8618,0.351,0.8408,3
567,0.3066,0.1897,0.6926,0.3683,0.7092,3
568,0.3745,0.1639,0.7279,0.0036,0.6124,3
569,0.2479,0.1835,0.7602,0.5491,0.6278,3
570,0.3256,0.1715,0.8297,0.2008,0.8602,3
571,0.1745,0.2311,0.7132,0.115,0.6607,3
572,0.393,0.1567,0.8094,0.8099,0.8423,3
573,0.4547,0.1806,0.7103,0.3523,0.8463,3
574,0.196,0.3652,0.6684,0.4285,0.7326,3
575,0.1992,0.0977,0.6811,0.3485,0.7725,3
576,0.2156,0.1698,0.7539,0.7088,1,3
577,0.407,0.3353,0.8729,0.1528,0.8757,3
578,0.1605,0.3664,0.7991,0.878,0.931,3
579,0.3544,0.1487,0.9356,0.9024,0.5099,3
580,0.1233,0.3007,0.8163,0.1122,0.5661,3
581,0.1726,0.2793,0.7315,0.8602,0.6973,3
582,0.1984,0.1923,0.7899,0.0973,0.8514,3
583,0.2626,0.3524,0.8237,0.9648,0.6031,3
584,0.2625,0.2642,0.8647,0.5295,0.6667,3
585,0.308,0.3276,0.6479,0.258,0.7132,3
586,0.1836,0.212,0.7027,0.9945,0.5652,3
587,0.3121,0.1891,0.8508,0.8994,0.9061,3
588,0.2521,0.2282,0.9856,0.6158,0.6203,3
589,0.3813,0.1365,0.7717,0.0212,0.9142,3
590,0.1233,0.227,0.6995,0.855,0.7363,3
591,0.3962,0.2075,0.6766,0.5158,0.9624,3
592,0.3793,0.1333,0.7056,0.0666,0.7003,3
593,0.3578,0.1432,0.7212,0.7293,0.706,3
594,0.2829,0.2945,0.7565,0.3476,0.5839,3
595,0.2646,0.1565,0.7168,0.4042,0.5585,3
596,0.4715,0.2017,0.8961,0.7728,0.5215,3
597,0.5077,0.2272,0.7766,0.666,0.9537,3
598,0.1448,0.0468,0.8152,0.1806,0.5487,3
599,0.3773,0.3576,0.8511,0.4795,0.9264,3
600,0.202,0.0655,0.7157,0.4069,0.8639,3
